Date,Employee Name,Role,Project Name,Client,Task Tag,Description,Hours Logged
"2026-05-21","Sophia Lin","Lead Developer","Nebula Brand System","Nebula Corp","Meeting","Hshshs",5
"2026-05-20","Sophia Lin","Lead Developer","Mars Rover Mobile UI","SpaceX","Development","Continuous track log",0.01
"2026-05-20","Sophia Lin","Lead Developer","Mars Rover Mobile UI","SpaceX","Development","Progressed core sprints on Mars Rover Mobile UI with team deliverables.",4
"2026-05-20","Marcus Vance","UI/UX Designer","Nebula Brand System","Nebula Corp","Development","Progressed core sprints on Nebula Brand System with team deliverables.",4
"2026-05-20","Amira Patel","Project Manager","Core Cloud API Migration","Internal Development","Planning","Progressed core sprints on Core Cloud API Migration with team deliverables.",4
"2026-05-20","Liam Dubois","QA Engineer","Chronos App PWA Release","Product Launch","Development","Progressed core sprints on Chronos App PWA Release with team deliverables.",4
"2026-05-20","Sophia Lin","Lead Developer","Mars Rover Mobile UI","SpaceX","Development","Collaborated on Mars Rover Mobile UI - phase task development review",3.5
"2026-05-20","Marcus Vance","UI/UX Designer","Nebula Brand System","Nebula Corp","Meeting","Collaborated on Nebula Brand System - phase task meeting review",3.5
"2026-05-20","Amira Patel","Project Manager","Core Cloud API Migration","Internal Development","Planning","Collaborated on Core Cloud API Migration - phase task planning review",3.5
"2026-05-20","Liam Dubois","QA Engineer","Chronos App PWA Release","Product Launch","Development","Collaborated on Chronos App PWA Release - phase task development review",3.5
"2026-05-19","Sophia Lin","Lead Developer","Nebula Brand System","Nebula Corp","UI Styling","Progressed core sprints on Nebula Brand System with team deliverables.",4
"2026-05-19","Marcus Vance","UI/UX Designer","Core Cloud API Migration","Internal Development","Debugging","Progressed core sprints on Core Cloud API Migration with team deliverables.",4
"2026-05-19","Amira Patel","Project Manager","Chronos App PWA Release","Product Launch","Testing","Progressed core sprints on Chronos App PWA Release with team deliverables.",4
"2026-05-19","Liam Dubois","QA Engineer","Mars Rover Mobile UI","SpaceX","UI Styling","Progressed core sprints on Mars Rover Mobile UI with team deliverables.",4
"2026-05-19","Sophia Lin","Lead Developer","Nebula Brand System","Nebula Corp","UI Styling","Collaborated on Nebula Brand System - phase task ui styling review",3.5
"2026-05-19","Marcus Vance","UI/UX Designer","Core Cloud API Migration","Internal Development","Debugging","Collaborated on Core Cloud API Migration - phase task debugging review",3.5
"2026-05-19","Amira Patel","Project Manager","Chronos App PWA Release","Product Launch","Testing","Collaborated on Chronos App PWA Release - phase task testing review",3.5
"2026-05-19","Liam Dubois","QA Engineer","Mars Rover Mobile UI","SpaceX","UI Styling","Collaborated on Mars Rover Mobile UI - phase task ui styling review",3.5
"2026-05-18","Sophia Lin","Lead Developer","Core Cloud API Migration","Internal Development","Development","Progressed core sprints on Core Cloud API Migration with team deliverables.",4
"2026-05-18","Marcus Vance","UI/UX Designer","Chronos App PWA Release","Product Launch","Planning","Progressed core sprints on Chronos App PWA Release with team deliverables.",4
"2026-05-18","Amira Patel","Project Manager","Mars Rover Mobile UI","SpaceX","Development","Progressed core sprints on Mars Rover Mobile UI with team deliverables.",4
"2026-05-18","Liam Dubois","QA Engineer","Nebula Brand System","Nebula Corp","Development","Progressed core sprints on Nebula Brand System with team deliverables.",4
"2026-05-18","Sophia Lin","Lead Developer","Core Cloud API Migration","Internal Development","Meeting","Collaborated on Core Cloud API Migration - phase task meeting review",3.5
"2026-05-18","Marcus Vance","UI/UX Designer","Chronos App PWA Release","Product Launch","Planning","Collaborated on Chronos App PWA Release - phase task planning review",3.5
"2026-05-18","Amira Patel","Project Manager","Mars Rover Mobile UI","SpaceX","Development","Collaborated on Mars Rover Mobile UI - phase task development review",3.5
"2026-05-18","Liam Dubois","QA Engineer","Nebula Brand System","Nebula Corp","Meeting","Collaborated on Nebula Brand System - phase task meeting review",3.5
"2026-05-15","Sophia Lin","Lead Developer","Nebula Brand System","Nebula Corp","Testing","Progressed core sprints on Nebula Brand System with team deliverables.",4
"2026-05-15","Marcus Vance","UI/UX Designer","Core Cloud API Migration","Internal Development","UI Styling","Progressed core sprints on Core Cloud API Migration with team deliverables.",4
"2026-05-15","Amira Patel","Project Manager","Chronos App PWA Release","Product Launch","Debugging","Progressed core sprints on Chronos App PWA Release with team deliverables.",4
"2026-05-15","Liam Dubois","QA Engineer","Mars Rover Mobile UI","SpaceX","Testing","Progressed core sprints on Mars Rover Mobile UI with team deliverables.",4
"2026-05-15","Sophia Lin","Lead Developer","Nebula Brand System","Nebula Corp","Testing","Collaborated on Nebula Brand System - phase task testing review",3.5
"2026-05-15","Marcus Vance","UI/UX Designer","Core Cloud API Migration","Internal Development","UI Styling","Collaborated on Core Cloud API Migration - phase task ui styling review",3.5
"2026-05-15","Amira Patel","Project Manager","Chronos App PWA Release","Product Launch","Debugging","Collaborated on Chronos App PWA Release - phase task debugging review",3.5
"2026-05-15","Liam Dubois","QA Engineer","Mars Rover Mobile UI","SpaceX","Testing","Collaborated on Mars Rover Mobile UI - phase task testing review",3.5
"2026-05-14","Sophia Lin","Lead Developer","Core Cloud API Migration","Internal Development","Development","Progressed core sprints on Core Cloud API Migration with team deliverables.",4
"2026-05-14","Marcus Vance","UI/UX Designer","Chronos App PWA Release","Product Launch","Development","Progressed core sprints on Chronos App PWA Release with team deliverables.",4
"2026-05-14","Amira Patel","Project Manager","Mars Rover Mobile UI","SpaceX","Planning","Progressed core sprints on Mars Rover Mobile UI with team deliverables.",4
"2026-05-14","Liam Dubois","QA Engineer","Nebula Brand System","Nebula Corp","Development","Progressed core sprints on Nebula Brand System with team deliverables.",4
"2026-05-14","Sophia Lin","Lead Developer","Core Cloud API Migration","Internal Development","Development","Collaborated on Core Cloud API Migration - phase task development review",3.5
"2026-05-14","Marcus Vance","UI/UX Designer","Chronos App PWA Release","Product Launch","Meeting","Collaborated on Chronos App PWA Release - phase task meeting review",3.5
"2026-05-14","Amira Patel","Project Manager","Mars Rover Mobile UI","SpaceX","Planning","Collaborated on Mars Rover Mobile UI - phase task planning review",3.5
"2026-05-14","Liam Dubois","QA Engineer","Nebula Brand System","Nebula Corp","Development","Collaborated on Nebula Brand System - phase task development review",3.5